Sales Representative,Email
Bianca Cardenas,bianca.cardenas@company.com
Samuel Acosta,samuel.l acosta@company.com
Nita Brewer,nita.brewer@company.com
Ignatius Frank,ignatius.tius frank@company.com
Risa Pugh,risa.a pugh@company.com
Yolanda Wade,yolanda.anda wade@company.com
Shaeleigh Ruiz,shaeleigh.eleigh ruiz@company.com
Dexter Cherry,dexter.r cherry@company.com
Louis Yates,louis.s yates@company.com
Seth Rosario,seth.osario@company.com
Aline Larsen,aline. larsen@company.com
Naomi Livingston,naomi.ingston@company.com
Anjolie Murphy,anjolie.ie murphy@company.com
Martin Pruitt,martin.n pruitt@company.com
Clayton Reid,clayton.yton reid@company.com
Kimberley Owen,kimberley.berley owen@company.com
Melodie Kinney,melodie.ie kinney@company.com
Porter Conway,porter.r conway@company.com
Hasad Conrad,hasad. conrad@company.com
Orson Santos,orson. santos@company.com
Vernon Dejesus,vernon. dejesus@company.com
Fuller Spencer,fuller. spencer@company.com
Wylie Klein,wylie.e klein@company.com
Ava Osborne,ava.borne@company.com
Oliver Craft,oliver.er craft@company.com
Sacha Osborn,sacha. osborn@company.com
Catherine Estes,catherine.erine estes@company.com
Thomas Kidd,thomas.mas kidd@company.com
Aline Vincent,aline.vincent@company.com
Perry Poole,perry.y poole@company.com
Natalie Hull,natalie.alie hull@company.com
Gretchen Montgomery,gretchen.montgomery@company.com
Chester Payne,chester.ter payne@company.com
Dolan Merrill,dolan.merrill@company.com
Ray Patton,ray.atton@company.com
Stuart Riley,stuart.rt riley@company.com
Yvette Anderson,yvette.anderson@company.com
Colleen Harper,colleen.en harper@company.com
Gail William,gail.illiam@company.com
Amal Hodges,amal.hodges@company.com
Erich Pruitt,erich. pruitt@company.com
Georgia Middleton,georgia.middleton@company.com
Fritz Rodgers,fritz.rodgers@company.com
Lani Solomon,lani.olomon@company.com
Ethan Odom,ethan.an odom@company.com
Camille Ortega,camille.le ortega@company.com
Ursa Singleton,ursa.gleton@company.com
Jolie Nash,jolie.ie nash@company.com
Troy Workman,troy.orkman@company.com
Basia Russo,basia.a russo@company.com
Iliana Weiss,iliana.na weiss@company.com
Daphne Lindsey,daphne. lindsey@company.com
Mona Mccormick,mona.ormick@company.com
Eve Mccarty,eve.carty@company.com
Arsenio Palmer,arsenio.io palmer@company.com
Hayley Munoz,hayley.ey munoz@company.com
Colette Black,colette.tte black@company.com
Lance Floyd,lance.e floyd@company.com
Amanda Massey,amanda.a massey@company.com
Scott Camacho,scott.camacho@company.com
Maryam Whitfield,maryam.hitfield@company.com
Alexander Barlow,alexander.nder barlow@company.com
Zena Cochran,zena.ochran@company.com
Rama Frye,rama.a frye@company.com
Orla Shepard,orla.hepard@company.com
Jacob Dorsey,jacob. dorsey@company.com
Velma Eaton,velma.a eaton@company.com
Libby Lyons,libby.y lyons@company.com
Jack Francis,jack.rancis@company.com
Tucker Horn,tucker.ker horn@company.com
Farrah Mcgee,farrah.ah mcgee@company.com
Stone Dotson,stone. dotson@company.com
Lysandra Whitfield,lysandra. whitfield@company.com
Ivy Harper,ivy.arper@company.com
Dillon Stanley,dillon. stanley@company.com
Bethany Horne,bethany.any horne@company.com
Hoyt Downs,hoyt. downs@company.com
Audrey Landry,audrey.y landry@company.com
Piper Clarke,piper. clarke@company.com
Gary Randall,gary.andall@company.com
Solomon Matthews,solomon. matthews@company.com
Rudyard Harrison,rudyard. harrison@company.com
Kaseem James,kaseem.em james@company.com
Tasha Baxter,tasha. baxter@company.com
Ria Gilbert,ria.lbert@company.com
Nyssa King,nyssa.sa king@company.com
Lacy Chambers,lacy.ambers@company.com
Rhona Gross,rhona.a gross@company.com
Jack Mccarthy,jack.carthy@company.com
Josiah Olson,josiah.ah olson@company.com
Ainsley Ortiz,ainsley.ley ortiz@company.com
Basil Leach,basil.l leach@company.com
Giselle Dejesus,giselle.e dejesus@company.com
Adam Burch,adam. burch@company.com
Penelope Bolton,penelope.ope bolton@company.com
Joy Valencia,joy.encia@company.com
Neil Garrett,neil.arrett@company.com
Maryam Mann,maryam.yam mann@company.com
Calista Rosales,calista.a rosales@company.com
Quincy Joyner,quincy.y joyner@company.com